{
  "summary" : "Usage of Optional in Java",
  "title" : "Call me Maybe",
  "authors" : [
    "Lang"
  ],
  "programming_language" : "JAVA",
  "language" : "en",
  "course_type" : "PyCharm",
  "items" : [
    {
      "title" : "lesson1",
      "task_list" : [
        {
          "name" : "task1",
          "files" : {
            "src/Task.java" : {
              "name" : "src/Task.java",
              "placeholders" : [
                {
                  "offset" : 278,
                  "length" : 15,
                  "possible_answer" : "Optional.ofNullable(person)\n                .map(p -> p.favourites)\n                .filter(list -> !list.isEmpty())\n                .map(list -> list.get(0))\n                .map(artist -> artist.name)\n                .orElse(\"unknown\")",
                  "placeholder_text" : "\"Justin Bieber\""
                }
              ],
              "is_visible" : true,
              "text" : "import java.util.Optional;\n\npublic class Task {\n    /**\n     * Get the name of the first artist in the favourite list of a person.\n     *\n     *  @return name if exists else \"unknown\".\n     */\n    public static String getNameFirstFavouriteArtist(Person person) {\n        return \"Justin Bieber\";\n    }\n}\n\n"
            },
            "test/Tests.java" : {
              "name" : "test/Tests.java",
              "placeholders" : [ ],
              "is_visible" : true,
              "text" : "import org.assertj.core.util.Lists;\nimport org.junit.Test;\n\nimport static org.assertj.core.api.Assertions.assertThat;\n\npublic class Tests {\n\n  @Test\n  public void should_be_unknown_if_no_favourites() {\n    Person saul = new Person(\"Saul\", 18, \"M\");\n    String maybeName = Task.getNameFirstFavouriteArtist(saul);\n    assertThat(maybeName).isEqualTo(\"unknown\");\n\n    saul.favourites = Lists.emptyList();\n    maybeName = Task.getNameFirstFavouriteArtist(saul);\n    assertThat(maybeName).isEqualTo(\"unknown\");\n\n    saul.favourites = Lists.newArrayList(\n            new Artist(null, 15),\n            new Artist(\"Dr John\", 20));\n    maybeName = Task.getNameFirstFavouriteArtist(saul);\n    assertThat(maybeName).isEqualTo(\"unknown\");\n\n    maybeName = Task.getNameFirstFavouriteArtist(null);\n    assertThat(maybeName).isEqualTo(\"unknown\");\n  }\n\n  @Test\n  public void should_get_the_name_of_first_favourite() {\n    Person saul = new Person(\"Saul\", 18, \"M\");\n    saul.favourites = Lists.newArrayList(\n            new Artist(\"Prince\", 15),\n            new Artist(\"Dr John\", 20));\n    String maybeName = Task.getNameFirstFavouriteArtist(saul);\n    assertThat(maybeName).isEqualTo(\"Prince\");\n  }\n\n \n}"
            },
            "src/Person.java" : {
              "name" : "src/Person.java",
              "placeholders" : [ ],
              "is_visible" : true,
              "text" : "import java.util.List;\nimport java.util.Optional;\n\npublic class Person {\n\n    private int age;\n    public String name;\n    public String sex;\n    public List<Artist> favourites;\n    public Optional<Person> boss = Optional.empty();\n\n    public Person(String name, int age, String sex) {\n        this.age = age;\n        this.name = name;\n        this.sex = sex;\n    }\n\n    public int getAge() {\n        return age;\n    }\n\n    public void setAge(int age) {\n        this.age = age;\n    }\n\n    @Override\n    public String toString() {\n        return \"Person{\" +\n                \"name='\" + name + '\\'' +\n                '}';\n    }\n}"
            },
            "src/Artist.java" : {
              "name" : "src/Artist.java",
              "placeholders" : [ ],
              "is_visible" : true,
              "text" : "public class Artist {\n\n    public String name;\n\n    public double note;\n\n    public Artist(String name, double note) {\n        this.name = name;\n        this.note = note;\n    }\n}\n"
            }
          },
          "description_text" : "# Call me Maybe\n\n## What is an Optional ?\nUsed in several languages to indicate that a variable \nmay or may not hold a value. It is especially useful \nto avoid the dreaded Null Pointer Exception.\nIn Haskell, it is called Maybe; in Scala, Option;and in Java, Optional.\n\n## Java API\nIn Java, an **Optional** can be either **empty** or hold a value.\n\n### Simple usage\n* Init  \n    Use **#ofNullable()** if the value can be null.  \n    (yes, **#of()** is a bit useless)\n    ```java\n    String a = null;\n    Optional<String> maybeValue = Optional.ofNullable(a);\n    ```\n  \n* Get the value  \n    Do not use **#get()** if you are not sure the **Optional** is not empty. \n    The best practice is to use **#orElse()** that defines a default value.\n    ```java\n    String maybeValue = \n          Optional.ofNullable(something)\n                  .orElse(\"default value\");\n    ```\n  \n* Throw an Exception if empty  \n    ```java\n    String maybeValue = \n          Optional.ofNullable(something)\n                  .orElseThrow(() -> new IllegalStateException());\n    ```\n* There is also **#or**, **#orElseGet** to supply default Optional or value.\n\n* Use **#isPresent()** or **#isPresent()** in some rare use case. Do prefer **orElse()**.\n\n### Functional Usage\nUnleash the power of functional programming. **Optional** has **#filter()**, \n**#map** and **#flatMap** for you to use in a functional way.\n\n* Add a condition \n    ```java\n    String maybeValue = \n          Optional.ofNullable(something)\n                  .filter(str -> str.startsWith(\"S\"));\n    ```\n  \n* Transform into another value \n    ```java\n    String maybeValue = \n          Optional.ofNullable(something)\n                  .map(str -> str.length());\n    ```\n  \n* Transform and break an `Optional<Optional<T>>` to an `Optional<T>`\n    ```java\n    String maybeValue = \n          Optional.ofNullable(something)\n                  .flatMap(str -> Optional.ofNullable(doSomething(str));  \n    ```\n  \n## Putting it all together  \nConsider this code :\n```java\nString maybeCatName = \n         Optional.ofNullable(cat)\n                 .map(cat -> cat.getName())\n                 .filter(name -> name.startsWith(\"S\"))\n                 .orElse(\"No cat\");\n```\n\nThis code gets the name of the Cat is if starts with an S.  \nHowever, if :\n* cat is null\n* or if the cat does not have a name\n* or if its name does not starts with an S\n`maybeCatName` will be `No cat`.\nIn any of this case, it will fall directly to the default value. \nThus, you can manipulate safely in the **#map()** a value that is not null.\nAnd that is the true power of Optional.\n\n\n## Exercice\nImplement the method <a href=\"psi_element://Task#getNameFirstFavouriteArtist\">\ngetNameFirstFavouriteArtist</a> using the Optional API.\n\n<div class=\"hint\">\n  use map and filter\n</div>",
          "description_format" : "MD",
          "feedback_link" : {
            "link_type" : "STEPIK"
          },
          "task_type" : "edu"
        },
        {
          "name" : "task2",
          "files" : {
            "src/Task.java" : {
              "name" : "src/Task.java",
              "placeholders" : [
                {
                  "offset" : 225,
                  "length" : 10,
                  "possible_answer" : "Optional.ofNullable(person)\n                .flatMap(p -> p.boss)\n                .map(b -> b.name)\n                .orElse(\"No boss\")",
                  "placeholder_text" : "\"Jon Snow\""
                }
              ],
              "is_visible" : true,
              "text" : "import java.util.Optional;\n\npublic class Task {\n    /**\n     * Get the name of the boss\n     *\n     * @return boss name if exists else \"No boss\"\n     */\n     public static String getNameOfChef(Person person) {\n        return \"Jon Snow\";\n    }\n}"
            },
            "test/Tests.java" : {
              "name" : "test/Tests.java",
              "placeholders" : [ ],
              "is_visible" : false,
              "text" : "import org.junit.Test;\n\nimport java.util.Optional;\n\nimport static org.assertj.core.api.Assertions.assertThat;\n\npublic class Tests {\n\n  @Test\n  public void should_return_default_boss_name() {\n    Person saul = new Person(\"Saul\", 18, \"M\");\n    String maybeName = Task.getNameOfChef(saul);\n    assertThat(maybeName).isEqualTo(\"No boss\");\n\n    saul.boss = Optional.empty();\n    maybeName = Task.getNameOfChef(saul);\n    assertThat(maybeName).isEqualTo(\"No boss\");\n\n    maybeName = Task.getNameOfChef(null);\n    assertThat(maybeName).isEqualTo(\"No boss\");\n\n  }\n  @Test\n  public void should_return_the_boss_name() {\n    Person walter = new Person(\"Walter\", 56, \"M\");\n    Person saul = new Person(\"Saul\", 18, \"M\");\n    saul.boss = Optional.of(walter);\n    String maybeName = Task.getNameOfChef(saul);\n    assertThat(maybeName).isEqualTo(\"Walter\");\n  }\n}"
            },
            "src/Artist.java" : {
              "name" : "src/Artist.java",
              "placeholders" : [ ],
              "is_visible" : true,
              "text" : "public class Artist {\n\n    public String name;\n\n    public double note;\n\n    public Artist(String name, double note) {\n        this.name = name;\n        this.note = note;\n    }\n}\n"
            },
            "src/Person.java" : {
              "name" : "src/Person.java",
              "placeholders" : [ ],
              "is_visible" : true,
              "text" : "import java.util.List;\nimport java.util.Optional;\n\npublic class Person {\n\n    private int age;\n    public String name;\n    public String sex;\n    public List<Artist> favourites;\n    public Optional<Person> boss = Optional.empty();\n\n    public Person(String name, int age, String sex) {\n        this.age = age;\n        this.name = name;\n        this.sex = sex;\n    }\n\n    public int getAge() {\n        return age;\n    }\n\n    public void setAge(int age) {\n        this.age = age;\n    }\n\n    @Override\n    public String toString() {\n        return \"Person{\" +\n                \"name='\" + name + '\\'' +\n                '}';\n    }\n}"
            }
          },
          "description_text" : "## Exercice\nNow implement the method <a href=\"psi_element://Task#getNameOfChef\">\ngetNameFirstFavouriteArtist</a> using the Optional API.\n\n<div class=\"hint\">\n  use map and flatMap\n</div>",
          "description_format" : "MD",
          "feedback_link" : {
            "link_type" : "STEPIK"
          },
          "task_type" : "edu"
        }
      ],
      "type" : "lesson"
    }
  ],
  "additional_files" : [
    {
      "name" : "build.gradle",
      "placeholders" : [ ],
      "is_visible" : true,
      "text" : "buildscript {\n    repositories {\n        mavenCentral()\n    }\n}\n\ndef printOutput(def output) {\n    return tasks.create(\"printOutput\") {\n        for (line in output.toString().readLines()) {\n            println \"#educational_plugin\" + line\n        }\n    }\n}\n\nsubprojects {\n    apply plugin: 'application'\n    apply plugin: 'java'\n\n    sourceCompatibility = 1.8\n\n    repositories {\n        mavenCentral()\n    }\n\n    dependencies {\n        testCompile group: 'junit', name: 'junit', version: '4.12'\n        testCompile group: 'org.assertj', name: 'assertj-core', version: '3.15.0'\n    }\n\n    sourceSets {\n        main {\n            java.srcDir 'src'\n        }\n        test {\n            java.srcDir 'test'\n        }\n    }\n\n    mainClassName = project.hasProperty(\"mainClass\") ? project.getProperty(\"mainClass\") : \"\"\n\n    def runOutput = new ByteArrayOutputStream()\n    tasks.run.setStandardOutput(runOutput)\n    tasks.run.doLast { printOutput(runOutput) }\n}\n\nproject(':util') {\n    dependencies {\n        compile group: 'junit', name: 'junit', version: '4.12'\n    }\n}\n\nconfigure(subprojects.findAll {it.name != 'util'}) {\n  dependencies {\n    compile project(':util').sourceSets.main.output\n    testCompile project(':util').sourceSets.test.output\n  }\n}\n"
    }
  ],
  "version" : 11
}